symbol,difference,calculation
7UP,0,0.0
AAI,27400,152070.0
AAI-R,0,0.0
AAV,-1278000,-3016080.0
AAV-R,-163100,-384916.0
ACC,18500,8695.0
ACE,-17400,-24012.0
ACE-R,0,0.0
ADVANC,-119700,-24658200.0
ADVANC-R,-379700,-84354152.0
AEONTS,-1700,-275400.0
AEONTS-R,-3100,-513825.0
AGE,0,0.0
AGE-R,0,0.0
AH,-33200,-673960.0
AH-R,41800,1414094.0
AI,-10900,-43382.0
AIE,-1200,-1512.0
AIT,-9200,-41952.0
AKR,-243800,-243800.0
AMATA,43600,985360.0
AMATA-R,-41077,-932447.9
AMATAV,0,0.0
AOT,-141900,-9436350.0
AOT-R,1307400,92433180.0
AP,735600,6988200.0
AP-R,1975500,23113350.0
AS,0,0.0
ASIAN,18300,175680.0
ASK,36800,588800.0
ASK-R,0,0.0
ASML01,0,0.0
ASP,16600,44156.0
ASW,0,0.0
AU,-900,-8370.0
AU-R,0,0.0
AUCT,-1400,-11690.0
AUCT-R,-29800,-292934.0
AURA,0,0.0
AURA-R,13900,179310.0
AWC,728900,3105114.0
AWC-R,-7709800,-34231512.0
AYUD,700,25725.0
BA,-31700,-532560.0
BA-R,-3500,-50435.0
BAFS,26600,614460.0
BAFS-R,3099,97618.5
BAM,-78100,-714615.0
BAM-R,17700,265500.0
BANPU,1952800,10642760.0
BANPU-R,6828000,62271359.99999999
BAY,0,0.0
BAY-R,0,0.0
BBGI,-98200,-491000.0
BBGI-R,0,0.0
BBIK,-5000,-221250.0
BBIK-R,20500,1291910.0
BBL,-490900,-68235100.0
BBL-R,-108500,-17272115.0
BCH,65600,1318560.0
BCH-R,-500100,-8866773.0
BCP,-203700,-8402625.0
BCP-R,477400,18327386.0
BCPG,75900,500940.0
BCPG-R,0,0.0
BDMS,842000,24418000.0
BDMS-R,-658400,-18435200.0
BEAUTY,-133800,-81618.0
BEAUTY-R,216000,114480.0
BEC,-45500,-212940.0
BEC-R,1600,13024.0
BEM,-335400,-2750279.9999999995
BEM-R,2149800,101578050.0
BGC,-6400,-44800.0
BGRIM,150200,3942750.0
BGRIM-R,-169300,-6042317.0
BH,-11000,-2794000.0
BH-R,164100,35773800.0
BJC,-168900,-4264725.0
BJC-R,-194600,-6752620.000000001
BKI,100,29300.0
BLA,-134700,-2694000.0
BLA-R,84000,2074800.0
BLAND,0,0.0
BLAND-R,0,0.0
BMSCITH,0,0.0
BOL,-7300,-60955.0
BPP,-4100,-58220.0
BPP-R,-1200,-17280.0
BRI,5300,32330.0
BSRC,12600,109620.0
BSRC-R,43900,381930.0
BTG,-400,-9400.0
BTG-R,0,0.0
BTS,117700,717970.0
BTS-R,-4059800,-31260460.0
BYD,744500,2129270.0
BYD-R,22500,97425.0
CBG,-18700,-1252900.0
CBG-R,-223500,-14974500.0
CCET,0,0.0
CCET-R,97600,167872.0
CENTEL,19500,853125.0
CENTEL-R,-4900,-224420.0
CHAYO,8600,33884.0
CHG,59000,171100.0
CHG-R,104100,305013.0
CHINA,0,0.0
CK,41200,906400.0
CK-R,160300,3206000.0
CKP,-3823900,-15219122.0
CKP-R,47200,187856.0
CN01,0,0.0
CNTECH01,25675,608497.5
COCOCO,2800,37800.0
COM7,-262600,-5120700.0
COM7-R,702700,23013425.0
CPALL,-80600,-4755400.0
CPALL-R,5872400,371429300.0
CPAXT,1046700,32709375.0
CPAXT-R,3643500,113859375.0
CPF,-185600,-3804800.0
CPF-R,-1516600,-29573700.0
CPN,234800,14675000.0
CPN-R,1099300,72278975.0
CRC,364700,11214525.0
CRC-R,1532600,60154550.0
CV,-977600,-391040.0
DCC,0,0.0
DCC-R,-696600,-1393200.0
DELTA,-96200,-6902350.0
DELTA-R,-413400,-41009280.0
DEMCO,-2500,-10049.999999999998
DITTO,0,0.0
DITTO-R,-12300,-367278.0
DMT,39200,466480.0
DMT-R,0,0.0
DOHOME,21800,246340.00000000003
DOHOME-R,2700,30510.000000000004
DRT,-3600,-29160.0
DRT-R,0,0.0
DUSIT,0,0.0
E1VFVN3001,0,0.0
EA,96700,2852650.0
EA-R,-452100,-25430625.0
EASTW,14200,49132.0
EASTW-R,0,0.0
EGCO,-28100,-3147200.0
EGCO-R,-222100,-29872450.0
EKH,462400,3352400.0
EPG,-141700,-949390.0
EPG-R,117200,788756.0
ERW,136700,664362.0
ERW-R,71400,324156.0
ETC,0,0.0
FORTH,800,13440.0
FORTH-R,-52900,-1429887.0
FSMART,0,0.0
FSMART-R,0,0.0
FUEVFVND01,0,0.0
GFPT,-183900,-2390700.0
GFPT-R,253300,3168783.0
GJS,0,0.0
GLOBAL,105300,1684800.0
GLOBAL-R,-610600,-9384922.0
GPSC,-75000,-3768750.0
GPSC-R,128500,6714125.0
GREEN,0,0.0
GULF,-78400,-3253600.0
GULF-R,424800,20178000.0
GUNKUL,712200,1851720.0
GUNKUL-R,702200,2247040.0
HANA,8800,343200.0
HANA-R,186800,8985080.0
HENG,125300,202986.0
HK01,486833,8811677.3
HK13,0,0.0
HKCE01,0,0.0
HKTECH13,0,0.0
HMPRO,-183200,-1850320.0
HMPRO-R,770100,10550370.0
HTC,3900,67860.0
HUMAN,-3800,-41040.0
ICC,500,20875.0
ICHI,-49600,-892800.0
ICHI-R,198400,2749824.0
III,43900,366565.0
III-R,-8500,-70975.0
ILM-R,1900,39330.0
INTUCH,4600,317400.0
INTUCH-R,31800,2194200.0
IRPC,1126000,2161920.0
IRPC-R,2583700,6045858.0
ITC,-455800,-9480640.0
ITC-R,208900,4345120.0
ITD,-500000,-355000.0
ITD-R,44400,65268.0
IVL,-786600,-18485100.0
IVL-R,2621600,90130608.0
JAPAN13,0,0.0
JAS,1038300,3301794.0
JAS-R,419600,1334328.0
JMART,282000,3750600.0
JMART-R,195100,3107943.0
JMT,848400,15949920.0
JMT-R,1036600,37120646.0
JR,0,0.0
JTS,3600,210600.0
JTS-R,0,0.0
KAMART,94000,1438200.0
KBANK,53800,7182300.0
KBANK-R,-497900,-65722800.0
KBSPIF,0,0.0
KCE,239500,9160875.0
KCE-R,136500,5345340.0
KCG,-27100,-262870.0
KCG-R,0,0.0
KEX,-11900,-51170.0
KEX-R,400,3932.0
KGI,13600,61744.0
KKP,-35000,-1846250.0
KKP-R,-41600,-2620800.0
KSL,68100,160716.0
KSL-R,52900,161874.0
KTB,16600,278880.0
KTB-R,-27100,-533870.0
KTC,-48000,-2088000.0
KTC-R,426300,19984944.0
KYE,0,0.0
LALIN,0,0.0
LANNA,-16400,-229600.0
LANNA-R,0,0.0
LH,-4502300,-31966330.0
LH-R,-4584300,-39058236.0
LPN,0,0.0
LPN-R,0,0.0
LVMH01,838,16592.4
M,-3800,-135850.0
M-CHAI,900,50175.0
M-R,800,36904.0
MAJOR,35100,515970.0
MAJOR-R,72100,1045450.0
MASTER,-6800,-385900.0
MASTER-R,-45000,-2553750.0
MBK,149700,2604780.0
MBK-R,113100,1826565.0
MC,200,2300.0
MC-R,28000,334040.0
MDX,-10900,-42292.0
MEB-R,0,0.0
MEGA,-10300,-417150.0
MEGA-R,0,0.0
MGC-R,0,0.0
MINT,156700,5171100.0
MINT-R,1270300,41958009.0
MOSHI,0,0.0
MTC,695600,33388800.0
MTC-R,-1239900,-43396500.0
MTI,600,62700.0
NDX01,0,0.0
NER,156600,869130.0
NER-R,162800,748880.0
NEX,2400,21000.0
NEX-R,15300,35802.0
NOBLE,32300,114988.0
NRF,-192300,-957654.0
NRF-R,0,0.0
NSL,0,0.0
NTV,0,0.0
NUSA-R,0,0.0
NYT,-600,-2496.0
NYT-R,0,0.0
ONEE,-96000,-387840.0
ONEE-R,163500,810960.0
OR,1115300,20298460.0
OR-R,-439400,-9253764.0
ORI,1106800,7138860.0
ORI-R,32700,341388.0
OSP,59800,1243840.0
OSP-R,-459100,-12928256.0
PLANB,-223600,-1811160.0
PLANB-R,-289500,-2376795.0000000005
PLAT,0,0.0
PLAT-R,0,0.0
PM,-7100,-58930.00000000001
PR9,27700,523530.0
PR9-R,-300,-5670.0
PRM,110000,830500.0
PRM-R,-103900,-683662.0
PSH,229000,2610600.0
PSH-R,-9800,-126518.0
PSL,-100000,-955000.0
PSL-R,201300,1860012.0
PTG,32700,279585.0
PTG-R,-59700,-614313.0
PTL,2900,27695.000000000004
PTL-R,0,0.0
PTT,224000,7560000.0
PTT-R,-934600,-32271738.0
PTTEP,81800,12556300.0
PTTEP-R,398900,61713819.0
PTTGC,48000,1716000.0
PTTGC-R,421800,16424891.999999998
QH,650400,1378848.0
QH-R,436700,982575.0
RABBIT,0,0.0
RAM,0,0.0
RAM-R,-200,-8506.0
RATCH,43600,1231700.0
RATCH-R,5300,191436.0
RBF,-198400,-2063360.0
RBF-R,-88700,-928689.0
RCL,-261200,-6112080.0
RCL-R,364600,8779568.0
RJH,2500,61000.0
RJH-R,0,0.0
ROJNA,-94300,-693105.0
ROJNA-R,0,0.0
RS,0,0.0
RS-R,17300,249120.0
S,221400,177120.0
S-R,-300,-393.0
SABINA,66500,1649200.0
SABINA-R,26400,637560.0
SABUY,0,0.0
SABUY-R,0,0.0
SAFE-R,2000,45600.0
SAK,5100,26775.0
SAMART,-31900,-208945.0
SAMART-R,-20200,-120998.0
SAPPE,-8700,-824325.0
SAPPE-R,12000,1104240.0
SAT,-7500,-119250.0
SAT-R,229100,4309371.0
SAV,5000,108000.0
SAWAD,-333000,-12737250.0
SAWAD-R,-419100,-18348198.0
SC,-95500,-338070.0
SC-R,14800,68524.0
SCAP,-3600,-9720.0
SCB,-77600,-8380800.0
SCB-R,-268200,-29354490.0
SCC,-19100,-4736800.0
SCC-R,123100,40007500.0
SCCC,-700,-97300.0
SCCC-R,-300,-43950.0
SCGD-R,0,0.0
SCGP,-102400,-3174400.0
SCGP-R,1891700,74381644.0
SCN,-4400,-4664.0
SGC,5300,6837.0
SGC-R,5100,6579.0
SGP,0,0.0
SGP-R,39500,330614.99999999994
SHR,-7400,-17020.0
SINGER,-1400,-13929.999999999998
SINGER-R,25500,236640.0
SIRI,417100,696557.0
SIRI-R,423500,851234.9999999999
SIS,-900,-22725.0
SIS-R,25500,433500.0
SISB,100,4050.0
SISB-R,-700,-26215.000000000004
SJWD,-30000,-408000.0
SJWD-R,-902,-19844.0
SKY,3400,88400.0
SKY-R,134700,3184308.0
SMPC,35900,357205.0
SNNP,-2500,-40250.0
SNNP-R,-1600,-37424.0
SPA,-45100,-360800.0
SPA-R,200,1564.0
SPALI,-115400,-2238760.0
SPALI-R,33100,701389.0
SPC,0,0.0
SPCG,0,0.0
SPCG-R,-23500,-292340.0
SPI,0,0.0
SPRC,-687800,-5433620.0
SPRC-R,-377100,-3050739.0
SSP,51500,373375.0
SSP-R,0,0.0
STA,353600,5869760.000000001
STA-R,892400,15376052.0
STANLY,2200,481800.0
STANLY-R,-300,-58800.0
STAR5001,52171,1283406.6
STEC,-363200,-3468560.0000000005
STEC-R,481400,4631068.0
STGT,132000,1194600.0
STGT-R,10000,74600.0
STPI,5400,17280.0
STPI-R,0,0.0
SUPER,0,0.0
SUPER-R,0,0.0
SUPEREIF,0,0.0
SUSCO,8400,32760.0
SUSCO-R,-30400,-105792.0
SYNEX,3900,46020.0
SYNEX-R,0,0.0
TASCO,-478100,-7649600.0
TASCO-R,-57000,-1024290.0
TCAP,-47400,-2322600.0
TCAP-R,-2900,-143405.0
TDEX,0,0.0
TEAMG-R,0,0.0
TFG,0,0.0
TFG-R,46800,190476.0
THANI,57800,137564.0
THANI-R,-896400,-2635416.0
THCOM,0,0.0
THCOM-R,121300,1501694.0
THG,10200,400350.0
THG-R,1900,123975.0
TIDLOR,-333218,-7164187.0
TIDLOR-R,-628200,-14140782.000000002
TIPH,23600,696200.0
TIPH-R,-1900,-80731.0
TISCO,-30100,-2927225.0
TISCO-R,-15800,-1532600.0
TKC,6600,102960.0
TKC-R,-11500,-179400.0
TKN,-156900,-1757280.0
TKN-R,128900,1421767.0
TKS-R,0,0.0
TLI,193100,1786175.0
TLI-R,5500,50875.0
TMT,0,0.0
TOA,0,0.0
TOA-R,-96000,-2639040.0
TOG,24700,274170.0
TOP,-249100,-13326850.0
TOP-R,-44800,-2072000.0
TPIPL,-11600,-15660.000000000002
TPIPL-R,105500,166690.0
TPIPP,-71100,-234630.0
TPIPP-R,42400,140344.0
TQM,8100,206550.0
TQM-R,-7900,-204057.0
TRP-R,0,0.0
TRUE,-294300,-2530980.0
TRUE-R,-9759600,-67048452.0
TSTH,0,0.0
TTA,0,0.0
TTA-R,-108900,-726363.0
TTB,1858100,3270256.0
TTB-R,1396400,2457664.0
TTCL,21600,82080.0
TTCL-R,0,0.0
TTW,-61300,-551700.0
TTW-R,-31800,-271890.0
TU,-186300,-2794500.0
TU-R,-2877900,-37441479.0
TVO,1200,24840.0
TVO-R,13600,344760.0
UBE,-202000,-173720.0
UBOT,0,0.0
UHERO,0,0.0
UNIQ,0,0.0
UTP,2700,31050.0
UTP-R,0,0.0
UVAN,-2300,-19435.0
VGI,-2681700,-4451622.0
VGI-R,405400,1159444.0
VIBHA,-137800,-308672.00000000006
VIBHA-R,0,0.0
VNG,900,3060.0
WARRIX,-29100,-164415.0
WHA,73500,371175.0
WHA-R,-357200,-1735992.0
WHAUP,-26400,-106128.0
WHAUP-R,-44000,-156640.0
WORK,0,0.0
WP,12700,50292.0
XO,0,0.0
XPG,-31200,-39000.0
XPG-R,275100,522690.0
