symbol,difference,calculation
CPALL-R,5872400,371429300.0
CPAXT-R,3643500,113859375.0
BEM-R,2149800,101578050.0
AOT-R,1307400,92433180.0
IVL-R,2621600,90130608.0
SCGP-R,1891700,74381644.0
CPN-R,1099300,72278975.0
BANPU-R,6828000,62271359.99999999
PTTEP-R,398900,61713819.0
CRC-R,1532600,60154550.0
MINT-R,1270300,41958009.0
SCC-R,123100,40007500.0
JMT-R,1036600,37120646.0
BH-R,164100,35773800.0
MTC,695600,33388800.0
CPAXT,1046700,32709375.0
BDMS,842000,24418000.0
AP-R,1975500,23113350.0
COM7-R,702700,23013425.0
OR,1115300,20298460.0
GULF-R,424800,20178000.0
KTC-R,426300,19984944.0
BCP-R,477400,18327386.0
PTTGC-R,421800,16424891.999999998
JMT,848400,15949920.0
STA-R,892400,15376052.0
CPN,234800,14675000.0
PTTEP,81800,12556300.0
CRC,364700,11214525.0
BANPU,1952800,10642760.0
HMPRO-R,770100,10550370.0
KCE,239500,9160875.0
HANA-R,186800,8985080.0
HK01,486833,8811677.3
RCL-R,364600,8779568.0
PTT,224000,7560000.0
KBANK,53800,7182300.0
ORI,1106800,7138860.0
AP,735600,6988200.0
GPSC-R,128500,6714125.0
IRPC-R,2583700,6045858.0
STA,353600,5869760.000000001
KCE-R,136500,5345340.0
MINT,156700,5171100.0
STEC-R,481400,4631068.0
ITC-R,208900,4345120.0
SAT-R,229100,4309371.0
BGRIM,150200,3942750.0
JMART,282000,3750600.0
EKH,462400,3352400.0
JAS,1038300,3301794.0
TTB,1858100,3270256.0
CK-R,160300,3206000.0
SKY-R,134700,3184308.0
GFPT-R,253300,3168783.0
JMART-R,195100,3107943.0
AWC,728900,3105114.0
EA,96700,2852650.0
ICHI-R,198400,2749824.0
PSH,229000,2610600.0
MBK,149700,2604780.0
TTB-R,1396400,2457664.0
GUNKUL-R,702200,2247040.0
INTUCH-R,31800,2194200.0
IRPC,1126000,2161920.0
BYD,744500,2129270.0
BLA-R,84000,2074800.0
PSL-R,201300,1860012.0
GUNKUL,712200,1851720.0
MBK-R,113100,1826565.0
TLI,193100,1786175.0
PTTGC,48000,1716000.0
GLOBAL,105300,1684800.0
SABINA,66500,1649200.0
THCOM-R,121300,1501694.0
KAMART,94000,1438200.0
TKN-R,128900,1421767.0
AH-R,41800,1414094.0
QH,650400,1378848.0
JAS-R,419600,1334328.0
BCH,65600,1318560.0
BBIK-R,20500,1291910.0
STAR5001,52171,1283406.6
OSP,59800,1243840.0
RATCH,43600,1231700.0
STGT,132000,1194600.0
VGI-R,405400,1159444.0
SAPPE-R,12000,1104240.0
MAJOR-R,72100,1045450.0
AMATA,43600,985360.0
QH-R,436700,982575.0
CK,41200,906400.0
NER,156600,869130.0
CENTEL,19500,853125.0
SIRI-R,423500,851234.9999999999
PRM,110000,830500.0
ONEE-R,163500,810960.0
EPG-R,117200,788756.0
NER-R,162800,748880.0
BTS,117700,717970.0
SPALI-R,33100,701389.0
SIRI,417100,696557.0
TIPH,23600,696200.0
ERW,136700,664362.0
SABINA-R,26400,637560.0
BAFS,26600,614460.0
CNTECH01,25675,608497.5
ASK,36800,588800.0
PR9,27700,523530.0
XPG-R,275100,522690.0
MAJOR,35100,515970.0
BCPG,75900,500940.0
STANLY,2200,481800.0
DMT,39200,466480.0
SIS-R,25500,433500.0
THG,10200,400350.0
BSRC-R,43900,381930.0
SSP,51500,373375.0
WHA,73500,371175.0
III,43900,366565.0
SMPC,35900,357205.0
TVO-R,13600,344760.0
HANA,8800,343200.0
ORI-R,32700,341388.0
MC-R,28000,334040.0
SGP-R,39500,330614.99999999994
ERW-R,71400,324156.0
INTUCH,4600,317400.0
CHG-R,104100,305013.0
PTG,32700,279585.0
KTB,16600,278880.0
TOG,24700,274170.0
BAM-R,17700,265500.0
RS-R,17300,249120.0
DOHOME,21800,246340.00000000003
SINGER-R,25500,236640.0
JTS,3600,210600.0
TQM,8100,206550.0
HENG,125300,202986.0
RATCH-R,5300,191436.0
TFG-R,46800,190476.0
CKP-R,47200,187856.0
AURA-R,13900,179310.0
S,221400,177120.0
ASIAN,18300,175680.0
CHG,59000,171100.0
CCET-R,97600,167872.0
TPIPL-R,105500,166690.0
KSL-R,52900,161874.0
KSL,68100,160716.0
AAI,27400,152070.0
TPIPP-R,42400,140344.0
THANI,57800,137564.0
THG-R,1900,123975.0
NOBLE,32300,114988.0
BEAUTY-R,216000,114480.0
BSRC,12600,109620.0
SAV,5000,108000.0
TKC,6600,102960.0
BAFS-R,3099,97618.5
BYD-R,22500,97425.0
SKY,3400,88400.0
TTCL,21600,82080.0
STGT-R,10000,74600.0
SC-R,14800,68524.0
HTC,3900,67860.0
ITD-R,44400,65268.0
MTI,600,62700.0
KGI,13600,61744.0
RJH,2500,61000.0
TLI-R,5500,50875.0
WP,12700,50292.0
M-CHAI,900,50175.0
EASTW,14200,49132.0
SYNEX,3900,46020.0
SAFE-R,2000,45600.0
ASP,16600,44156.0
ILM-R,1900,39330.0
COCOCO,2800,37800.0
M-R,800,36904.0
NEX-R,15300,35802.0
CHAYO,8600,33884.0
SUSCO,8400,32760.0
BRI,5300,32330.0
UTP,2700,31050.0
DOHOME-R,2700,30510.000000000004
BKI,100,29300.0
PTL,2900,27695.000000000004
SAK,5100,26775.0
AYUD,700,25725.0
TVO,1200,24840.0
NEX,2400,21000.0
ICC,500,20875.0
STPI,5400,17280.0
LVMH01,838,16592.4
FORTH,800,13440.0
BEC-R,1600,13024.0
ACC,18500,8695.0
SGC,5300,6837.0
SGC-R,5100,6579.0
SISB,100,4050.0
KEX-R,400,3932.0
VNG,900,3060.0
MC,200,2300.0
SPA-R,200,1564.0
